{
  "Name":[
    {"titreListe": "Liste1",
      "items": [
        {"description": "item11","fait": false},
        {"description": "item12","fait": false}
      ]
    },
    {"titreListe": "Liste2",
      "items": [
        {"description": "item21","fait": false},
        {"description": "item22","fait": false}
      ]
    }
  ],

  "user1":[
    {"titreListe": "2Liste1",
      "items": [
        {"description": "2item11","fait": false},
        {"description": "2item12","fait": false}
      ]
    },
    {"titreListe": "2Liste2",
      "items": [
        {"description": "2item21","fait": false},
        {"description": "2item22","fait": false}
      ]
    }
  ]
}